<?xml version="1.0" encoding="utf-8" standalone="yes" ?>
<rss version="2.0" xmlns:atom="http://www.w3.org/2005/Atom">
  <channel>
    <title>Posts on R-Ladies Brasil Blog</title>
    <link>https://testerladies.netlify.com/post/</link>
    <description>Recent content in Posts on R-Ladies Brasil Blog</description>
    <generator>Hugo -- gohugo.io</generator>
    <language>en-us</language>
    <lastBuildDate>Sun, 13 May 2018 00:00:00 +0000</lastBuildDate>
    
	<atom:link href="https://testerladies.netlify.com/post/index.xml" rel="self" type="application/rss+xml" />
    
    
    <item>
      <title>Como R-Ladies começou no Brasil</title>
      <link>https://testerladies.netlify.com/2018/05/como-r-ladies-come%C3%A7ou-no-brasil/</link>
      <pubDate>Sun, 13 May 2018 00:00:00 +0000</pubDate>
      
      <guid>https://testerladies.netlify.com/2018/05/como-r-ladies-come%C3%A7ou-no-brasil/</guid>
      <description>&lt;p&gt;1° de janeiro de 2017 surgia R-Ladies Rio
&lt;/p&gt;</description>
    </item>
    
  </channel>
</rss>