<?xml version="1.0" encoding="utf-8" standalone="yes" ?>
<rss version="2.0" xmlns:atom="http://www.w3.org/2005/Atom">
  <channel>
    <title>Categories on R-Ladies Brasil Blog</title>
    <link>https://testerladies.netlify.com/categories/</link>
    <description>Recent content in Categories on R-Ladies Brasil Blog</description>
    <generator>Hugo -- gohugo.io</generator>
    <language>en-us</language>
    
	<atom:link href="https://testerladies.netlify.com/categories/index.xml" rel="self" type="application/rss+xml" />
    
    
    <item>
      <title>R  Releases</title>
      <link>https://testerladies.netlify.com/categories/r--releases/</link>
      <pubDate>Sun, 13 May 2018 00:00:00 +0000</pubDate>
      
      <guid>https://testerladies.netlify.com/categories/r--releases/</guid>
      <description></description>
    </item>
    
  </channel>
</rss>