<?xml version="1.0" encoding="utf-8" standalone="yes" ?>
<rss version="2.0" xmlns:atom="http://www.w3.org/2005/Atom">
  <channel>
    <title>Archives on R-Ladies Brasil Blog</title>
    <link>https://testerladies.netlify.com/archives/</link>
    <description>Recent content in Archives on R-Ladies Brasil Blog</description>
    <generator>Hugo -- gohugo.io</generator>
    <language>en-us</language>
    
	<atom:link href="https://testerladies.netlify.com/archives/index.xml" rel="self" type="application/rss+xml" />
    
    
  </channel>
</rss>