<?xml version="1.0" encoding="utf-8" standalone="yes" ?>
<rss version="2.0" xmlns:atom="http://www.w3.org/2005/Atom">
  <channel>
    <title>Tags on R-Ladies Brasil Blog</title>
    <link>https://testerladies.netlify.com/tags/</link>
    <description>Recent content in Tags on R-Ladies Brasil Blog</description>
    <generator>Hugo -- gohugo.io</generator>
    <language>en-us</language>
    <lastBuildDate>Sun, 13 May 2018 00:00:00 +0000</lastBuildDate>
    
	<atom:link href="https://testerladies.netlify.com/tags/index.xml" rel="self" type="application/rss+xml" />
    
    
    <item>
      <title>Gender Gap</title>
      <link>https://testerladies.netlify.com/tags/gender-gap/</link>
      <pubDate>Sun, 13 May 2018 00:00:00 +0000</pubDate>
      
      <guid>https://testerladies.netlify.com/tags/gender-gap/</guid>
      <description></description>
    </item>
    
    <item>
      <title>R Ladies</title>
      <link>https://testerladies.netlify.com/tags/r-ladies/</link>
      <pubDate>Sun, 13 May 2018 00:00:00 +0000</pubDate>
      
      <guid>https://testerladies.netlify.com/tags/r-ladies/</guid>
      <description></description>
    </item>
    
    <item>
      <title>R Ladies Rio</title>
      <link>https://testerladies.netlify.com/tags/r-ladies-rio/</link>
      <pubDate>Sun, 13 May 2018 00:00:00 +0000</pubDate>
      
      <guid>https://testerladies.netlify.com/tags/r-ladies-rio/</guid>
      <description></description>
    </item>
    
    <item>
      <title>R Language</title>
      <link>https://testerladies.netlify.com/tags/r-language/</link>
      <pubDate>Sun, 13 May 2018 00:00:00 +0000</pubDate>
      
      <guid>https://testerladies.netlify.com/tags/r-language/</guid>
      <description></description>
    </item>
    
  </channel>
</rss>